trial,trigger,latency,scene_category,old,behavior,subsequent_memory
1,1041,11205.5,manmade,new,correctreject,subsequent_remembered
2,2049,13166.5,natural,new,correctreject,na
3,2040,14902,natural,new,correctreject,subsequent_forgotten
4,1049,16796,manmade,new,correctreject,na
5,1040,18798.5,manmade,new,correctreject,subsequent_forgotten
6,2049,20241.5,natural,new,correctreject,na
7,1040,22125.5,manmade,new,correctreject,subsequent_forgotten
8,1049,23134,manmade,new,correctreject,na
9,1040,24593,manmade,new,correctreject,subsequent_forgotten
10,2049,25591.5,natural,new,correctreject,na
11,1111,26548.5,manmade,old,hit,subsequent_remembered
12,2041,28028,natural,new,correctreject,subsequent_remembered
13,2049,29707.5,natural,new,correctreject,na
14,1040,30833.5,manmade,new,correctreject,subsequent_forgotten
15,2049,32461.5,natural,new,correctreject,na
16,2040,33406,natural,new,correctreject,subsequent_forgotten
17,1121,35241.5,manmade,old,miss,subsequent_remembered
18,2049,36727,natural,new,correctreject,na
19,2121,37873,natural,old,miss,subsequent_remembered
20,1040,38958.5,manmade,new,correctreject,subsequent_forgotten
21,1049,39956.5,manmade,new,correctreject,na
22,2110,41267.5,natural,old,hit,subsequent_forgotten
23,2030,42322,natural,new,falsealarm,subsequent_forgotten
24,1049,44124,manmade,new,correctreject,na
25,1120,45465.5,manmade,old,miss,subsequent_forgotten
26,1040,46417.5,manmade,new,correctreject,subsequent_forgotten
27,1119,47572,manmade,old,hit,na
28,1049,48834,manmade,new,correctreject,na
29,1041,50149.5,manmade,new,correctreject,subsequent_remembered
30,1120,51342.5,manmade,old,miss,subsequent_forgotten
31,1049,52444,manmade,new,correctreject,na
32,1040,54091.5,manmade,new,correctreject,subsequent_forgotten
33,1049,55412.5,manmade,new,correctreject,na
34,2041,56694,natural,new,correctreject,subsequent_remembered
35,2119,57783,natural,old,hit,na
36,2049,58945,natural,new,correctreject,na
37,1040,60427,manmade,new,correctreject,subsequent_forgotten
38,2129,62062.5,natural,old,miss,na
39,2049,63616.5,natural,new,correctreject,na
40,1040,64694,manmade,new,correctreject,subsequent_forgotten
41,1119,66117.5,manmade,old,hit,na
42,1049,68022,manmade,new,correctreject,na
43,2031,69209.5,natural,new,falsealarm,subsequent_remembered
44,1121,70878.5,manmade,old,miss,subsequent_remembered
45,1049,72496.5,manmade,new,correctreject,na
46,1040,73674,manmade,new,correctreject,subsequent_forgotten
47,2120,74948.5,natural,old,miss,subsequent_forgotten
48,2049,76010.5,natural,new,correctreject,na
49,2041,77738.5,natural,new,correctreject,subsequent_remembered
50,1120,78819,manmade,old,miss,subsequent_forgotten
51,2049,79945,natural,new,correctreject,na
52,2041,81015,natural,new,correctreject,subsequent_remembered
53,2049,82848,natural,new,correctreject,na
54,2041,84518,natural,new,correctreject,subsequent_remembered
55,1049,85653.5,manmade,new,correctreject,na
56,1120,86964,manmade,old,miss,subsequent_forgotten
57,2129,87947,natural,old,miss,na
58,1041,89401,manmade,new,correctreject,subsequent_remembered
59,1049,90389,manmade,new,correctreject,na
60,2040,91863.5,natural,new,correctreject,subsequent_forgotten
61,1120,93722,manmade,old,miss,subsequent_forgotten
62,2039,95022,natural,new,falsealarm,na
63,2041,96307,natural,new,correctreject,subsequent_remembered
64,1121,97745.5,manmade,old,miss,subsequent_remembered
65,1120,98746,manmade,old,miss,subsequent_forgotten
66,1129,99788.5,manmade,old,miss,na
67,1049,100798.5,manmade,new,correctreject,na
68,1129,102507,manmade,old,miss,na
69,2040,103571.5,natural,new,correctreject,subsequent_forgotten
70,2049,105084.5,natural,new,correctreject,na
71,1129,107923.5,manmade,old,miss,na
72,2110,109220.5,natural,old,hit,subsequent_forgotten
73,2110,110918,natural,old,hit,subsequent_forgotten
74,2030,112377.5,natural,new,falsealarm,subsequent_forgotten
75,1049,113810.5,manmade,new,correctreject,na
76,2121,115177.5,natural,old,miss,subsequent_remembered
77,2040,116201.5,natural,new,correctreject,subsequent_forgotten
78,1049,117278.5,manmade,new,correctreject,na
79,2121,118389.5,natural,old,miss,subsequent_remembered
80,1031,120010.5,manmade,new,falsealarm,subsequent_remembered
81,1129,121039.5,manmade,old,miss,na
82,1119,122422,manmade,old,hit,na
83,1039,123865.5,manmade,new,falsealarm,na
84,1121,124945.5,manmade,old,miss,subsequent_remembered
85,1129,126451,manmade,old,miss,na
86,2119,128202.5,natural,old,hit,na
87,2111,129988.5,natural,old,hit,subsequent_remembered
88,1030,131125,manmade,new,falsealarm,subsequent_forgotten
89,1110,132558.5,manmade,old,hit,subsequent_forgotten
90,2110,133679.5,natural,old,hit,subsequent_forgotten
91,1039,134847.5,manmade,new,falsealarm,na
92,2110,136029.5,natural,old,hit,subsequent_forgotten
93,1031,137181.5,manmade,new,falsealarm,subsequent_remembered
94,1039,138525,manmade,new,falsealarm,na
95,1031,139654,manmade,new,falsealarm,subsequent_remembered
96,1111,140949,manmade,old,hit,subsequent_remembered
97,2119,143038,natural,old,hit,na
98,2120,144374,natural,old,miss,subsequent_forgotten
99,2039,145833.5,natural,new,falsealarm,na
100,1119,147105.5,manmade,old,hit,na
101,1031,149970,manmade,new,falsealarm,subsequent_remembered
102,1119,151408.5,manmade,old,hit,na
103,2111,152514,natural,old,hit,subsequent_remembered
104,2039,153825,natural,new,falsealarm,na
105,1111,155506.5,manmade,old,hit,subsequent_remembered
106,2031,157229.5,natural,new,falsealarm,subsequent_remembered
107,1039,159768.5,manmade,new,falsealarm,na
108,1041,161591,manmade,new,correctreject,subsequent_remembered
109,2049,162840.5,natural,new,correctreject,na
110,1031,164095.5,manmade,new,falsealarm,subsequent_remembered
111,2049,165646,natural,new,correctreject,na
112,2121,166951,natural,old,miss,subsequent_remembered
113,2041,168748,natural,new,correctreject,subsequent_remembered
114,2129,170187,natural,old,miss,na
115,2049,171487,natural,new,correctreject,na
116,1129,172685,manmade,old,miss,na
117,1111,174304.5,manmade,old,hit,subsequent_remembered
118,1110,175516,manmade,old,hit,subsequent_forgotten
119,2119,176796,natural,old,hit,na
120,1110,177894,manmade,old,hit,subsequent_forgotten
121,2031,178961.5,natural,new,falsealarm,subsequent_remembered
122,2111,180825,natural,old,hit,subsequent_remembered
123,2111,182074.5,natural,old,hit,subsequent_remembered
124,1111,183477,manmade,old,hit,subsequent_remembered
125,2039,184721,natural,new,falsealarm,na
126,2040,186241.5,natural,new,correctreject,subsequent_forgotten
127,1129,187624,manmade,old,miss,na
128,2119,189072.5,natural,old,hit,na
129,1049,190772.5,manmade,new,correctreject,na
130,2041,192349,natural,new,correctreject,subsequent_remembered
131,1049,193706,manmade,new,correctreject,na
132,2129,195085.5,natural,old,miss,na
133,2129,196087.5,natural,old,miss,na
134,1129,197729.5,manmade,old,miss,na
135,2041,198943,natural,new,correctreject,subsequent_remembered
136,1049,200361,manmade,new,correctreject,na
137,2120,201774,natural,old,miss,subsequent_forgotten
138,2040,203284.5,natural,new,correctreject,subsequent_forgotten
139,2119,204433.5,natural,old,hit,na
140,1119,205654.5,manmade,old,hit,na
141,2039,207052.5,natural,new,falsealarm,na
142,2121,208288,natural,old,miss,subsequent_remembered
143,1119,209253.5,manmade,old,hit,na
144,1031,210636,manmade,new,falsealarm,subsequent_remembered
145,2049,211672,natural,new,correctreject,na
146,1030,213581.5,manmade,new,falsealarm,subsequent_forgotten
147,2129,214962,natural,old,miss,na
148,1121,216702.5,manmade,old,miss,subsequent_remembered
149,2039,218161.5,natural,new,falsealarm,na
150,2129,219682,natural,old,miss,na
151,2110,220880,natural,old,hit,subsequent_forgotten
152,2129,222743.5,natural,old,miss,na
153,1111,223946.5,manmade,old,hit,subsequent_remembered
154,1031,225359.5,manmade,new,falsealarm,subsequent_remembered
155,1119,226706,manmade,old,hit,na
156,1119,228467.5,manmade,old,hit,na
157,1039,229865,manmade,new,falsealarm,na
158,2030,231278,natural,new,falsealarm,subsequent_forgotten
159,2111,232389,natural,old,hit,subsequent_remembered
160,1111,233366.5,manmade,old,hit,subsequent_remembered
161,2119,234505.5,natural,old,hit,na
162,2039,235624.5,natural,new,falsealarm,na
163,2041,236930,natural,new,correctreject,subsequent_remembered
164,2039,238179,natural,new,falsealarm,na
165,1040,239413,manmade,new,correctreject,subsequent_forgotten
166,2039,240426.5,natural,new,falsealarm,na
167,1040,241998,manmade,new,correctreject,subsequent_forgotten
168,2111,243180.5,natural,old,hit,subsequent_remembered
169,1049,245863.5,manmade,new,correctreject,na
170,2040,247041,natural,new,correctreject,subsequent_forgotten
171,2049,248336,natural,new,correctreject,na
172,2041,249493,natural,new,correctreject,subsequent_remembered
173,2049,250691,natural,new,correctreject,na
174,1040,251849,manmade,new,correctreject,subsequent_forgotten
175,2129,253032.5,natural,old,miss,na
176,2049,254203,natural,new,correctreject,na
177,1120,255396,manmade,old,miss,subsequent_forgotten
178,1031,256619.5,manmade,new,falsealarm,subsequent_remembered
179,2049,259276.5,natural,new,correctreject,na
180,1129,260582.5,manmade,old,miss,na
181,1120,262486.5,manmade,old,miss,subsequent_forgotten
182,2119,263771.5,natural,old,hit,na
183,2119,264913,natural,old,hit,na
184,1119,266218.5,manmade,old,hit,na
185,2030,267718.5,natural,new,falsealarm,subsequent_forgotten
186,1119,268717,manmade,old,hit,na
187,2111,270119.5,natural,old,hit,subsequent_remembered
188,1111,271174,manmade,old,hit,subsequent_remembered
189,2039,272700,natural,new,falsealarm,na
190,2040,274143.5,natural,new,correctreject,subsequent_forgotten
191,1049,275290.5,manmade,new,correctreject,na
192,2119,276549.5,natural,old,hit,na
193,1040,277753,manmade,new,correctreject,subsequent_forgotten
194,2039,278879,natural,new,falsealarm,na
195,1040,280550.5,manmade,new,correctreject,subsequent_forgotten
196,1049,282099.5,manmade,new,correctreject,na
197,1129,283133.5,manmade,old,miss,na
198,2120,284567,natural,old,miss,subsequent_forgotten
199,2030,285997.5,natural,new,falsealarm,subsequent_forgotten
200,2121,287198.5,natural,old,miss,subsequent_remembered
201,1129,289512.5,manmade,old,miss,na
202,2119,290720.5,natural,old,hit,na
203,2119,291703.5,natural,old,hit,na
204,2039,292932,natural,new,falsealarm,na
205,2040,294166,natural,new,correctreject,subsequent_forgotten
206,1120,296019,manmade,old,miss,subsequent_forgotten
207,1049,297022.5,manmade,new,correctreject,na
208,2129,298353.5,natural,old,miss,na
209,2120,299521,natural,old,miss,subsequent_forgotten
210,2119,301402,natural,old,hit,na
211,1040,302910,manmade,new,correctreject,subsequent_forgotten
212,1119,303918.5,manmade,old,hit,na
213,1119,305055.5,manmade,old,hit,na
214,1111,306403,manmade,old,hit,subsequent_remembered
215,1039,307538,manmade,new,falsealarm,na
216,1129,308920.5,manmade,old,miss,na
217,2040,311736,natural,new,correctreject,subsequent_forgotten
218,2120,313323,natural,old,miss,subsequent_forgotten
219,2129,314393,natural,old,miss,na
220,1049,316303.5,manmade,new,correctreject,na
221,2040,317367.5,natural,new,correctreject,subsequent_forgotten
222,1049,318683.5,manmade,new,correctreject,na
223,2120,320260,natural,old,miss,subsequent_forgotten
224,2040,321304.5,natural,new,correctreject,subsequent_forgotten
225,2049,322917,natural,new,correctreject,na
226,2040,323968,natural,new,correctreject,subsequent_forgotten
227,2120,324980.5,natural,old,miss,subsequent_forgotten
228,2129,326088,natural,old,miss,na
229,1049,327059,manmade,new,correctreject,na
230,2121,328487,natural,old,miss,subsequent_remembered
231,1121,329838.5,manmade,old,miss,subsequent_remembered
232,2111,330834.5,natural,old,hit,subsequent_remembered
233,1121,332152.5,manmade,old,miss,subsequent_remembered
234,1120,333381.5,manmade,old,miss,subsequent_forgotten
235,1031,334944,manmade,new,falsealarm,subsequent_remembered
236,2120,336453,natural,old,miss,subsequent_forgotten
237,1039,337564,manmade,new,falsealarm,na
238,1030,338798,manmade,new,falsealarm,subsequent_forgotten
239,1049,340108.5,manmade,new,correctreject,na
240,1040,341572.5,manmade,new,correctreject,subsequent_forgotten
241,2049,342893.5,natural,new,correctreject,na
242,1040,343999.5,manmade,new,correctreject,subsequent_forgotten
243,2129,345381.5,natural,old,miss,na
244,1049,347081,manmade,new,correctreject,na
245,2121,348535,natural,old,miss,subsequent_remembered
246,1041,349492.5,manmade,new,correctreject,subsequent_remembered
247,2129,351141,natural,old,miss,na
248,2121,352187,natural,old,miss,subsequent_remembered
249,1121,353322,manmade,old,miss,subsequent_remembered
250,1049,354855,manmade,new,correctreject,na
251,2040,356286,natural,new,correctreject,subsequent_forgotten
252,1119,357407,manmade,old,hit,na
253,2049,359158,natural,new,correctreject,na
254,2119,360310,natural,old,hit,na
255,1119,361656.5,manmade,old,hit,na
256,1110,362917,manmade,old,hit,subsequent_forgotten
257,1119,364201,manmade,old,hit,na
258,1030,365281,manmade,new,falsealarm,subsequent_forgotten
259,1111,366238.5,manmade,old,hit,subsequent_remembered
260,1039,367418,manmade,new,falsealarm,na
261,2119,368491,natural,old,hit,na
262,1041,369812,manmade,new,correctreject,subsequent_remembered
263,2049,370864,natural,new,correctreject,na
264,1041,372520,manmade,new,correctreject,subsequent_remembered
265,2120,374004.5,natural,old,miss,subsequent_forgotten
266,1039,375709.5,manmade,new,falsealarm,na
267,1031,376789.5,manmade,new,falsealarm,subsequent_remembered
268,2039,377880,natural,new,falsealarm,na
269,2030,379257.5,natural,new,falsealarm,subsequent_forgotten
270,2119,380594,natural,old,hit,na
271,1039,382513.5,manmade,new,falsealarm,na
272,1110,384348.5,manmade,old,hit,subsequent_forgotten
273,1031,386302,manmade,new,falsealarm,subsequent_remembered
274,1039,387702,manmade,new,falsealarm,na
275,1040,388861.5,manmade,new,correctreject,subsequent_forgotten
276,1039,390023.5,manmade,new,falsealarm,na
277,1040,391137,manmade,new,correctreject,subsequent_forgotten
278,1121,392975,manmade,old,miss,subsequent_remembered
279,1039,394078.5,manmade,new,falsealarm,na
280,1129,395204.5,manmade,old,miss,na
281,2040,396479.5,natural,new,correctreject,subsequent_forgotten
282,1120,397810.5,manmade,old,miss,subsequent_forgotten
283,1110,399095.5,manmade,old,hit,subsequent_forgotten
284,2049,400525.5,natural,new,correctreject,na
285,2121,402341,natural,old,miss,subsequent_remembered
286,2031,403442,natural,new,falsealarm,subsequent_remembered
287,1119,405208,manmade,old,hit,na
288,1039,406632,manmade,new,falsealarm,na
289,2120,408249,natural,old,miss,subsequent_forgotten
290,2030,409662,natural,new,falsealarm,subsequent_forgotten
291,1049,411589,manmade,new,correctreject,na
292,1041,414172.5,manmade,new,correctreject,subsequent_remembered
293,1039,416650,manmade,new,falsealarm,na
294,1129,418101.5,manmade,old,miss,na
295,2040,419118,natural,new,correctreject,subsequent_forgotten
296,2129,420418,natural,old,miss,na
297,1049,421795.5,manmade,new,correctreject,na
298,1120,423229,manmade,old,miss,subsequent_forgotten
299,1041,424795.5,manmade,new,correctreject,subsequent_remembered
300,1039,426054.5,manmade,new,falsealarm,na
301,1041,428200,manmade,new,correctreject,subsequent_remembered
302,1120,429341.5,manmade,old,miss,subsequent_forgotten
303,2129,430713.5,natural,old,miss,na
304,1049,432264.5,manmade,new,correctreject,na
305,2129,433843,natural,old,miss,na
306,1041,434962.5,manmade,new,correctreject,subsequent_remembered
307,1129,436278.5,manmade,old,miss,na
308,2119,438003.5,natural,old,hit,na
309,1039,439268,manmade,new,falsealarm,na
310,2031,440589,natural,new,falsealarm,subsequent_remembered
311,1049,442329.5,manmade,new,correctreject,na
312,1129,443590.5,manmade,old,miss,na
313,1120,444925,manmade,old,miss,subsequent_forgotten
314,2121,446364,natural,old,miss,subsequent_remembered
315,1121,447465,manmade,old,miss,subsequent_remembered
316,1119,448939,manmade,old,hit,na
317,1111,450723,manmade,old,hit,subsequent_remembered
318,2031,451847,natural,new,falsealarm,subsequent_remembered
319,1119,453080.5,manmade,old,hit,na
320,1129,455205,manmade,old,miss,na
321,1049,456736,manmade,new,correctreject,na
322,1129,458415,manmade,old,miss,na
323,1129,460253,manmade,old,miss,na
324,1111,461656,manmade,old,hit,subsequent_remembered
325,1119,463258,manmade,old,hit,na
326,2031,464282,natural,new,falsealarm,subsequent_remembered
327,1111,465636,manmade,old,hit,subsequent_remembered
328,1039,466816.5,manmade,new,falsealarm,na
329,1031,467855.5,manmade,new,falsealarm,subsequent_remembered
330,1039,469070.5,manmade,new,falsealarm,na
331,2031,470722.5,natural,new,falsealarm,subsequent_remembered
332,1129,472319.5,manmade,old,miss,na
333,1039,473584,manmade,new,falsealarm,na
334,2111,475442.5,natural,old,hit,subsequent_remembered
335,2031,477152.5,natural,new,falsealarm,subsequent_remembered
336,2039,478473.5,natural,new,falsealarm,na
337,1111,479502.5,manmade,old,hit,subsequent_remembered
338,2119,481264.5,natural,old,hit,na
339,2031,482599.5,natural,new,falsealarm,subsequent_remembered
340,1039,483762,manmade,new,falsealarm,na
341,2121,484977,natural,old,miss,subsequent_remembered
342,1031,486681.5,manmade,new,falsealarm,subsequent_remembered
343,2039,488236.5,natural,new,falsealarm,na
344,1111,489818,manmade,old,hit,subsequent_remembered
345,2119,491294,natural,old,hit,na
346,2111,492342,natural,old,hit,subsequent_remembered
347,1119,493770.5,manmade,old,hit,na
348,1119,494842,manmade,old,hit,na
349,2111,496352.5,natural,old,hit,subsequent_remembered
350,1031,497441,manmade,new,falsealarm,subsequent_remembered
351,2119,498705.5,natural,old,hit,na
352,1111,499763,manmade,old,hit,subsequent_remembered
353,2039,500912,natural,new,falsealarm,na
354,2030,503656,natural,new,falsealarm,subsequent_forgotten
355,2120,504772.5,natural,old,miss,subsequent_forgotten
356,2119,506088,natural,old,hit,na
357,1039,507593,manmade,new,falsealarm,na
358,1031,508735,manmade,new,falsealarm,subsequent_remembered
359,2111,509784.5,natural,old,hit,subsequent_remembered
360,1111,510828.5,manmade,old,hit,subsequent_remembered
361,2039,511996,natural,new,falsealarm,na
362,1119,513350,manmade,old,hit,na
363,2031,514632.5,natural,new,falsealarm,subsequent_remembered
364,2111,516383.5,natural,old,hit,subsequent_remembered
365,1119,517438,manmade,old,hit,na
366,1110,518617.5,manmade,old,hit,subsequent_forgotten
367,1111,520719.5,manmade,old,hit,subsequent_remembered
368,1110,521954.5,manmade,old,hit,subsequent_forgotten
369,2111,523608.5,natural,old,hit,subsequent_remembered
370,2039,524924.5,natural,new,falsealarm,na
371,2031,526156.5,natural,new,falsealarm,subsequent_remembered
372,2119,528926,natural,old,hit,na
373,2110,531603.5,natural,old,hit,subsequent_forgotten
374,1049,533119,manmade,new,correctreject,na
375,1040,534982.5,manmade,new,correctreject,subsequent_forgotten
376,2039,536334,natural,new,falsealarm,na
377,1119,537506.5,manmade,old,hit,na
378,2111,538801.5,natural,old,hit,subsequent_remembered
379,2031,540598.5,natural,new,falsealarm,subsequent_remembered
380,2119,542167.5,natural,old,hit,na
381,2039,543255.5,natural,new,falsealarm,na
382,1119,544607,manmade,old,hit,na
383,2031,545907.5,natural,new,falsealarm,subsequent_remembered
384,1119,546977.5,manmade,old,hit,na
385,2049,548395.5,natural,new,correctreject,na
386,1041,549542.5,manmade,new,correctreject,subsequent_remembered
387,2039,551027,natural,new,falsealarm,na
388,1041,552035.5,manmade,new,correctreject,subsequent_remembered
389,2049,553409.5,natural,new,correctreject,na
390,1041,554621,manmade,new,correctreject,subsequent_remembered
391,2049,555732,natural,new,correctreject,na
392,2121,557032,natural,old,miss,subsequent_remembered
393,2031,558640,natural,new,falsealarm,subsequent_remembered
394,2049,559950.5,natural,new,correctreject,na
395,1041,561015,manmade,new,correctreject,subsequent_remembered
396,1049,562044,manmade,new,correctreject,na
397,2129,563846.5,natural,old,miss,na
398,2041,565438.5,natural,new,correctreject,subsequent_remembered
399,1121,566820.5,manmade,old,miss,subsequent_remembered
400,1110,568300.5,manmade,old,hit,subsequent_forgotten
401,1039,570716.5,manmade,new,falsealarm,na
402,2031,571879,natural,new,falsealarm,subsequent_remembered
403,1049,573343,manmade,new,correctreject,na
404,2041,574628,natural,new,correctreject,subsequent_remembered
405,2049,576271.5,natural,new,correctreject,na
406,1129,577653.5,manmade,old,miss,na
407,2119,580351.5,natural,old,hit,na
408,1030,582215,manmade,new,falsealarm,subsequent_forgotten
409,2119,583367,natural,old,hit,na
410,1111,585046,manmade,old,hit,subsequent_remembered
411,1039,586546,manmade,new,falsealarm,na
412,2031,587985,natural,new,falsealarm,subsequent_remembered
413,2039,589326,natural,new,falsealarm,na
414,1041,590846.5,manmade,new,correctreject,subsequent_remembered
415,2129,591980.5,natural,old,miss,na
416,2119,593551.5,natural,old,hit,na
417,2111,595126.5,natural,old,hit,subsequent_remembered
418,2111,596959.5,natural,old,hit,subsequent_remembered
419,2119,598403,natural,old,hit,na
420,2039,599503.5,natural,new,falsealarm,na
421,2111,600599,natural,old,hit,subsequent_remembered
422,1040,602560,manmade,new,correctreject,subsequent_forgotten
423,2049,603778.5,natural,new,correctreject,na
424,1120,604925,manmade,old,miss,subsequent_forgotten
425,2031,606461,natural,new,falsealarm,subsequent_remembered
426,1129,608163,manmade,old,miss,na
427,1119,609149,manmade,old,hit,na
428,2111,610265,natural,old,hit,subsequent_remembered
429,2039,611596,natural,new,falsealarm,na
430,2031,613106,natural,new,falsealarm,subsequent_remembered
431,2111,614406.5,natural,old,hit,subsequent_remembered
432,1121,615917,manmade,old,miss,subsequent_remembered
433,1111,616989,manmade,old,hit,subsequent_remembered
434,1119,618195,manmade,old,hit,na
435,2039,619900,natural,new,falsealarm,na
436,2110,621458,natural,old,hit,subsequent_forgotten
437,1119,622542.5,manmade,old,hit,na
438,1110,623795.5,manmade,old,hit,subsequent_forgotten
439,2030,625613,natural,new,falsealarm,subsequent_forgotten
440,2111,627666,natural,old,hit,subsequent_remembered
441,2119,629158,natural,old,hit,na
442,2119,630261.5,natural,old,hit,na
443,1039,632110,manmade,new,falsealarm,na
444,2119,633328.5,natural,old,hit,na
445,2030,634613.5,natural,new,falsealarm,subsequent_forgotten
446,1039,636452.5,manmade,new,falsealarm,na
447,2030,637429,natural,new,falsealarm,subsequent_forgotten
448,1111,638688.5,manmade,old,hit,subsequent_remembered
449,1119,640434,manmade,old,hit,na
450,2111,641637,natural,old,hit,subsequent_remembered
451,1039,642861,manmade,new,falsealarm,na
452,2119,643972,natural,old,hit,na
453,2111,645262,natural,old,hit,subsequent_remembered
454,1031,646388,manmade,new,falsealarm,subsequent_remembered
455,2121,648384.5,natural,old,miss,subsequent_remembered
456,1049,649772,manmade,new,correctreject,na
457,2040,650898.5,natural,new,correctreject,subsequent_forgotten
458,2039,652065.5,natural,new,falsealarm,na
459,2040,653857.5,natural,new,correctreject,subsequent_forgotten
460,1129,655296.5,manmade,old,miss,na
461,2039,656663,natural,new,falsealarm,na
462,1129,657779,manmade,old,miss,na
463,2119,659596.5,natural,old,hit,na
464,2119,660617,natural,old,hit,na
465,2119,661598,natural,old,hit,na
466,1031,663205.5,manmade,new,falsealarm,subsequent_remembered
467,2049,664967,natural,new,correctreject,na
468,2041,666441.5,natural,new,correctreject,subsequent_remembered
469,2121,668136,natural,old,miss,subsequent_remembered
470,1049,669743.5,manmade,new,correctreject,na
471,2121,671235,natural,old,miss,subsequent_remembered
472,2041,673148,natural,new,correctreject,subsequent_remembered
473,2121,674504.5,natural,old,miss,subsequent_remembered
474,2129,675620.5,natural,old,miss,na
475,2049,676896,natural,new,correctreject,na
476,1111,678822.5,manmade,old,hit,subsequent_remembered
477,2119,680054,natural,old,hit,na
478,1111,681431,manmade,old,hit,subsequent_remembered
479,2119,682614,natural,old,hit,na
480,2031,683991,natural,new,falsealarm,subsequent_remembered
481,2119,684969,natural,old,hit,na
482,2110,686280,natural,old,hit,subsequent_forgotten
483,1039,687574.5,manmade,new,falsealarm,na
484,1030,689059,manmade,new,falsealarm,subsequent_forgotten
485,2110,690283,natural,old,hit,subsequent_forgotten
486,1119,691492,manmade,old,hit,na
487,2039,692957.5,natural,new,falsealarm,na
488,1119,693980.5,manmade,old,hit,na
489,2119,695028.5,natural,old,hit,na
490,2111,696656.5,natural,old,hit,subsequent_remembered
491,1031,698187.5,manmade,new,falsealarm,subsequent_remembered
492,1119,699631.5,manmade,old,hit,na
493,1039,701489.5,manmade,new,falsealarm,na
494,1031,702569.5,manmade,new,falsealarm,subsequent_remembered
495,2039,703721.5,natural,new,falsealarm,na
496,1031,705400.5,manmade,new,falsealarm,subsequent_remembered
497,2039,706788,natural,new,falsealarm,na
498,1129,708617.5,manmade,old,miss,na
499,2031,709701,natural,new,falsealarm,subsequent_remembered
500,1121,711406,manmade,old,miss,subsequent_remembered
501,2039,713663.5,natural,new,falsealarm,na
502,2041,715271,natural,new,correctreject,subsequent_remembered
503,1049,716464,manmade,new,correctreject,na
504,1040,717631,manmade,new,correctreject,subsequent_forgotten
505,2121,718701.5,natural,old,miss,subsequent_remembered
506,2111,720004,natural,old,hit,subsequent_remembered
507,2039,721271,natural,new,falsealarm,na
508,1031,723119.5,manmade,new,falsealarm,subsequent_remembered
509,2119,724158.5,natural,old,hit,na
510,2119,725254,natural,old,hit,na
511,2039,726294,natural,new,falsealarm,na
512,1031,727600,manmade,new,falsealarm,subsequent_remembered
513,1039,728807,manmade,new,falsealarm,na
514,2119,730404.5,natural,old,hit,na
515,1111,731464,manmade,old,hit,subsequent_remembered
516,2119,732565,natural,old,hit,na
517,2031,733696,natural,new,falsealarm,subsequent_remembered
518,2111,734783.5,natural,old,hit,subsequent_remembered
519,2039,735842,natural,new,falsealarm,na
520,1110,737648.5,manmade,old,hit,subsequent_forgotten
521,2030,739010.5,natural,new,falsealarm,subsequent_forgotten
522,2039,740551,natural,new,falsealarm,na
523,2111,741677.5,natural,old,hit,subsequent_remembered
524,2041,742839.5,natural,new,correctreject,subsequent_remembered
525,2049,744279,natural,new,correctreject,na
526,1031,745973,manmade,new,falsealarm,subsequent_remembered
527,1049,747237.5,manmade,new,correctreject,na
528,1121,750324.5,manmade,old,miss,subsequent_remembered
529,2119,752244,natural,old,hit,na
530,1031,754015.5,manmade,new,falsealarm,subsequent_remembered
531,1039,755372,manmade,new,falsealarm,na
532,1110,756483,manmade,old,hit,subsequent_forgotten
533,1031,757600.5,manmade,new,falsealarm,subsequent_remembered
534,2119,758839.5,natural,old,hit,na
535,1039,760005.5,manmade,new,falsealarm,na
536,1119,761113.5,manmade,old,hit,na
537,2031,762191.5,natural,new,falsealarm,subsequent_remembered
538,1119,763619.5,manmade,old,hit,na
539,1119,765541,manmade,old,hit,na
540,1111,766668.5,manmade,old,hit,subsequent_remembered
541,1039,768647,manmade,new,falsealarm,na
542,2129,771534.5,natural,old,miss,na
543,1041,772957.5,manmade,new,correctreject,subsequent_remembered
544,1129,774821,manmade,old,miss,na
545,2129,776111.5,natural,old,miss,na
546,2039,777504,natural,new,falsealarm,na
547,2119,779316,natural,old,hit,na
548,1030,781031,manmade,new,falsealarm,subsequent_forgotten
549,1039,782126.5,manmade,new,falsealarm,na
550,1111,783869,manmade,old,hit,subsequent_remembered
551,1030,785459.5,manmade,new,falsealarm,subsequent_forgotten
552,1119,786607,manmade,old,hit,na
553,1039,788127,manmade,new,falsealarm,na
554,1111,789186.5,manmade,old,hit,subsequent_remembered
555,2111,790691.5,natural,old,hit,subsequent_remembered
556,1030,792514,manmade,new,falsealarm,subsequent_forgotten
557,1039,793553.5,manmade,new,falsealarm,na
558,1031,795012.5,manmade,new,falsealarm,subsequent_remembered
559,1039,796165.5,manmade,new,falsealarm,na
560,2031,797318,natural,new,falsealarm,subsequent_remembered
561,2039,798637,natural,new,falsealarm,na
562,2031,800096,natural,new,falsealarm,subsequent_remembered
563,2049,801177,natural,new,correctreject,na
564,1119,802308,manmade,old,hit,na
565,2119,803941,natural,old,hit,na
566,1119,805006,manmade,old,hit,na
567,1110,806700.5,manmade,old,hit,subsequent_forgotten
568,1031,807785.5,manmade,new,falsealarm,subsequent_remembered
569,2039,809352.5,natural,new,falsealarm,na
570,2031,810540,natural,new,falsealarm,subsequent_remembered
571,1111,812513,manmade,old,hit,subsequent_remembered
572,1111,813801,manmade,old,hit,subsequent_remembered
573,2039,815081,natural,new,falsealarm,na
574,1031,816176.5,manmade,new,falsealarm,subsequent_remembered
575,1039,817442,manmade,new,falsealarm,na
576,2030,818716.5,natural,new,falsealarm,subsequent_forgotten
577,1039,820236.5,manmade,new,falsealarm,na
578,1119,821608.5,manmade,old,hit,na
579,2041,823088,natural,new,correctreject,subsequent_remembered
580,1049,824332,manmade,new,correctreject,na
581,2120,825376.5,natural,old,miss,subsequent_forgotten
582,1041,826584.5,manmade,new,correctreject,subsequent_remembered
583,1129,828509.5,manmade,old,miss,na
584,2111,841999.5,natural,old,hit,subsequent_remembered
585,2049,844810,natural,new,correctreject,na
586,1121,846100,manmade,old,miss,subsequent_remembered
587,1041,847359.5,manmade,new,correctreject,subsequent_remembered
588,1049,848375.5,manmade,new,correctreject,na
589,2110,849450.5,natural,old,hit,subsequent_forgotten
590,1111,850682,manmade,old,hit,subsequent_remembered
591,1031,851941.5,manmade,new,falsealarm,subsequent_remembered
592,1129,853155,manmade,old,miss,na
593,1049,854486,manmade,new,correctreject,na
594,2119,856093.5,natural,old,hit,na
595,1119,857215.5,manmade,old,hit,na
596,1119,858233.5,manmade,old,hit,na
597,2110,859697.5,natural,old,hit,subsequent_forgotten
598,2110,861064.5,natural,old,hit,subsequent_forgotten
599,2031,862109,natural,new,falsealarm,subsequent_remembered
600,2111,863790.5,natural,old,hit,subsequent_remembered
601,1111,865964,manmade,old,hit,subsequent_remembered
602,1039,867320.5,manmade,new,falsealarm,na
603,1040,868303.5,manmade,new,correctreject,subsequent_forgotten
604,2039,869865,natural,new,falsealarm,na
605,2129,870883.5,natural,old,miss,na
606,1110,872005,manmade,old,hit,subsequent_forgotten
607,2031,873028.5,natural,new,falsealarm,subsequent_remembered
608,1039,874090.5,manmade,new,falsealarm,na
609,2111,875255.5,natural,old,hit,subsequent_remembered
610,1031,876566.5,manmade,new,falsealarm,subsequent_remembered
611,1121,878266,manmade,old,miss,subsequent_remembered
612,1039,879346,manmade,new,falsealarm,na
613,1121,880836,manmade,old,miss,subsequent_remembered
614,1119,882743,manmade,old,hit,na
615,1031,884394,manmade,new,falsealarm,subsequent_remembered
616,1120,885607.5,manmade,old,miss,subsequent_forgotten
617,2111,886892.5,natural,old,hit,subsequent_remembered
618,1111,888182.5,manmade,old,hit,subsequent_remembered
619,1039,889305,manmade,new,falsealarm,na
620,1031,890522,manmade,new,falsealarm,subsequent_remembered
621,2039,891710,natural,new,falsealarm,na
622,2129,893579.5,natural,old,miss,na
623,1119,894564,manmade,old,hit,na
624,1119,896486.5,manmade,old,hit,na
625,2119,897849,natural,old,hit,na
626,1031,899532.5,manmade,new,falsealarm,subsequent_remembered
627,2039,900556.5,natural,new,falsealarm,na
628,2030,902153.5,natural,new,falsealarm,subsequent_forgotten
629,1039,903315.5,manmade,new,falsealarm,na
630,2110,904899.5,natural,old,hit,subsequent_forgotten
631,1031,906034,manmade,new,falsealarm,subsequent_remembered
632,1129,907728.5,manmade,old,miss,na
633,1039,909619,manmade,new,falsealarm,na
634,1111,910700,manmade,old,hit,subsequent_remembered
635,2041,912275,natural,new,correctreject,subsequent_remembered
636,2120,914251,natural,old,miss,subsequent_forgotten
637,2049,915344,natural,new,correctreject,na
638,1041,917138.5,manmade,new,correctreject,subsequent_remembered
639,1049,919017,manmade,new,correctreject,na
640,1041,920031,manmade,new,correctreject,subsequent_remembered
641,2129,921285,natural,old,miss,na
642,1111,922969.5,manmade,old,hit,subsequent_remembered
643,1039,923973.5,manmade,new,falsealarm,na
644,1129,925038,manmade,old,miss,na
645,2111,926962.5,natural,old,hit,subsequent_remembered
646,2129,928834,natural,old,miss,na
647,1111,930234,manmade,old,hit,subsequent_remembered
648,1110,931222,manmade,old,hit,subsequent_forgotten
649,1119,932381.5,manmade,old,hit,na
650,2031,934003,natural,new,falsealarm,subsequent_remembered
651,1049,935727.5,manmade,new,correctreject,na
652,2121,936961,natural,old,miss,subsequent_remembered
653,1031,938568.5,manmade,new,falsealarm,subsequent_remembered
654,2039,939695,natural,new,falsealarm,na
655,2031,941130.5,natural,new,falsealarm,subsequent_remembered
656,2039,942644,natural,new,falsealarm,na
657,2129,944318,natural,old,miss,na
658,1111,946076.5,manmade,old,hit,subsequent_remembered
659,1031,947369,manmade,new,falsealarm,subsequent_remembered
660,2119,948531,natural,old,hit,na
661,1119,950293,manmade,old,hit,na
662,2039,951882,natural,new,falsealarm,na
663,2031,953185,natural,new,falsealarm,subsequent_remembered
664,2049,955030.5,natural,new,correctreject,na
665,2030,956256.5,natural,new,falsealarm,subsequent_forgotten
666,1119,957608,manmade,old,hit,na
667,2039,959134,natural,new,falsealarm,na
668,2031,960127,natural,new,falsealarm,subsequent_remembered
669,1111,961268.5,manmade,old,hit,subsequent_remembered
670,1039,963260,manmade,new,falsealarm,na
671,1119,964918.5,manmade,old,hit,na
672,2031,965953,natural,new,falsealarm,subsequent_remembered
673,2039,967120,natural,new,falsealarm,na
674,2110,968351,natural,old,hit,subsequent_forgotten
675,1111,969797.5,manmade,old,hit,subsequent_remembered
676,2031,970985.5,natural,new,falsealarm,subsequent_remembered
677,2119,972951.5,natural,old,hit,na
678,1119,974866,manmade,old,hit,na
679,1119,976240.5,manmade,old,hit,na
680,2039,977804.5,natural,new,falsealarm,na
681,1031,978936,manmade,new,falsealarm,subsequent_remembered
682,2039,980032,natural,new,falsealarm,na
683,2119,981127,natural,old,hit,na
684,1030,982217.5,manmade,new,falsealarm,subsequent_forgotten
685,1039,983676.5,manmade,new,falsealarm,na
686,1111,985335.5,manmade,old,hit,subsequent_remembered
687,1030,986548.5,manmade,new,falsealarm,subsequent_forgotten
688,1049,988258.5,manmade,new,correctreject,na
689,2031,989564,natural,new,falsealarm,subsequent_remembered
690,2129,990931,natural,old,miss,na
691,1111,992426,manmade,old,hit,subsequent_remembered
692,2111,993731.5,natural,old,hit,subsequent_remembered
693,1039,995236.5,manmade,new,falsealarm,na
694,1119,996639,manmade,old,hit,na
695,2030,997740,natural,new,falsealarm,subsequent_forgotten
696,2111,999503.5,natural,old,hit,subsequent_remembered
697,1110,1001108.5,manmade,old,hit,subsequent_forgotten
698,2039,1002153,natural,new,falsealarm,na
699,1119,1003571,manmade,old,hit,na
700,1111,1004584.5,manmade,old,hit,subsequent_remembered
701,1041,1007459,manmade,new,correctreject,subsequent_remembered
702,1049,1014693,manmade,new,correctreject,na
703,2121,1016001,natural,old,miss,subsequent_remembered
704,1041,1017015,manmade,new,correctreject,subsequent_remembered
705,1049,1018956.5,manmade,new,correctreject,na
706,2119,1020225,natural,old,hit,na
707,1129,1021295,manmade,old,miss,na
708,1129,1022889.5,manmade,old,miss,na
709,2030,1024115.5,natural,new,falsealarm,subsequent_forgotten
710,2049,1025134.5,natural,new,correctreject,na
711,1121,1026862,manmade,old,miss,subsequent_remembered
712,2119,1028068,natural,old,hit,na
713,2119,1029731.5,natural,old,hit,na
714,1031,1030847.5,manmade,new,falsealarm,subsequent_remembered
715,2111,1032605.5,natural,old,hit,subsequent_remembered
716,2039,1033679,natural,new,falsealarm,na
717,1111,1034974,manmade,old,hit,subsequent_remembered
718,1119,1036470.5,manmade,old,hit,na
719,1110,1037585.5,manmade,old,hit,subsequent_forgotten
720,1110,1039131.5,manmade,old,hit,subsequent_forgotten
721,2031,1040160,natural,new,falsealarm,subsequent_remembered
722,1120,1041476,manmade,old,miss,subsequent_forgotten
723,2111,1043514.5,natural,old,hit,subsequent_remembered
724,1111,1044819,manmade,old,hit,subsequent_remembered
725,2119,1045965.5,natural,old,hit,na
726,1039,1047457,manmade,new,falsealarm,na
727,2111,1048679,natural,old,hit,subsequent_remembered
728,2111,1049984.5,natural,old,hit,subsequent_remembered
729,2030,1051136.5,natural,new,falsealarm,subsequent_forgotten
730,2119,1053053.5,natural,old,hit,na
731,2039,1054556,natural,new,falsealarm,na
732,2031,1055554.5,natural,new,falsealarm,subsequent_remembered
733,2120,1056862.5,natural,old,miss,subsequent_forgotten
734,2129,1058201.5,natural,old,miss,na
735,1129,1059737,manmade,old,miss,na
736,2039,1061088.5,natural,new,falsealarm,na
737,2119,1062184,natural,old,hit,na
738,1119,1063331.5,manmade,old,hit,na
739,2031,1064969.5,natural,new,falsealarm,subsequent_remembered
740,1119,1066730.5,manmade,old,hit,na
741,1119,1068107.5,manmade,old,hit,na
742,2110,1070111,natural,old,hit,subsequent_forgotten
743,2039,1071235.5,natural,new,falsealarm,na
744,2031,1073268,natural,new,falsealarm,subsequent_remembered
745,2039,1074348,natural,new,falsealarm,na
746,1119,1075474.5,manmade,old,hit,na
747,2119,1077046,natural,old,hit,na
748,2031,1078153,natural,new,falsealarm,subsequent_remembered
749,1119,1079416.5,manmade,old,hit,na
750,1039,1080814,manmade,new,falsealarm,na
751,1119,1082540,manmade,old,hit,na
752,2119,1083814,natural,old,hit,na
753,2120,1084935.5,natural,old,miss,subsequent_forgotten
754,2041,1107702.5,natural,new,correctreject,subsequent_remembered
755,2111,1109969.5,natural,old,hit,subsequent_remembered
756,1049,1111193.5,manmade,new,correctreject,na
757,2129,1112427,natural,old,miss,na
758,1129,1113886,manmade,old,miss,na
759,2111,1114911,natural,old,hit,subsequent_remembered
760,2110,1116226,natural,old,hit,subsequent_forgotten
761,1031,1117434,manmade,new,falsealarm,subsequent_remembered
762,1039,1118493.5,manmade,new,falsealarm,na
763,1030,1120180,manmade,new,falsealarm,subsequent_forgotten
764,2039,1121253.5,natural,new,falsealarm,na
765,2030,1122932.5,natural,new,falsealarm,subsequent_forgotten
766,2129,1124202,natural,old,miss,na
767,2039,1125446,natural,new,falsealarm,na
768,2041,1126905,natural,new,correctreject,subsequent_remembered
769,2121,1128118.5,natural,old,miss,subsequent_remembered
770,2039,1129307,natural,new,falsealarm,na
771,2119,1130801,natural,old,hit,na
772,1031,1132306,manmade,new,falsealarm,subsequent_remembered
773,1039,1133583,manmade,new,falsealarm,na
774,1041,1134574,manmade,new,correctreject,subsequent_remembered
775,2049,1135690,natural,new,correctreject,na
776,2129,1136960,natural,old,miss,na
777,2031,1138552.5,natural,new,falsealarm,subsequent_remembered
778,2049,1139960,natural,new,correctreject,na
779,1040,1141787.5,manmade,new,correctreject,subsequent_forgotten
780,2049,1143712.5,natural,new,correctreject,na
781,1041,1145089.5,manmade,new,correctreject,subsequent_remembered
782,1129,1146431,manmade,old,miss,na
783,2039,1147465,natural,new,falsealarm,na
784,1031,1148975,manmade,new,falsealarm,subsequent_remembered
785,1111,1150705.5,manmade,old,hit,subsequent_remembered
786,2111,1152574.5,natural,old,hit,subsequent_remembered
787,2039,1153869.5,natural,new,falsealarm,na
788,2040,1155395,natural,new,correctreject,subsequent_forgotten
789,1049,1157289.5,manmade,new,correctreject,na
790,2040,1158815,natural,new,correctreject,subsequent_forgotten
791,2129,1160054,natural,old,miss,na
792,2111,1161407.5,natural,old,hit,subsequent_remembered
793,2111,1162685.5,natural,old,hit,subsequent_remembered
794,1110,1164016.5,manmade,old,hit,subsequent_forgotten
795,2039,1165102,natural,new,falsealarm,na
796,2119,1166433,natural,old,hit,na
797,2031,1168122,natural,new,falsealarm,subsequent_remembered
798,2039,1169594,natural,new,falsealarm,na
799,1040,1170652.5,manmade,new,correctreject,subsequent_forgotten
800,2121,1172612,natural,old,miss,subsequent_remembered
801,1121,1174782.5,manmade,old,miss,subsequent_remembered
802,2119,1176088,natural,old,hit,na
803,2120,1177849.5,natural,old,miss,subsequent_forgotten
804,1129,1179236.5,manmade,old,miss,na
805,1111,1180393.5,manmade,old,hit,subsequent_remembered
806,2111,1182157,natural,old,hit,subsequent_remembered
807,2039,1183808.5,natural,new,falsealarm,na
808,1041,1185745.5,manmade,new,correctreject,subsequent_remembered
809,1049,1187269,manmade,new,correctreject,na
810,1111,1189277.5,manmade,old,hit,subsequent_remembered
811,2031,1190438,natural,new,falsealarm,subsequent_remembered
812,2121,1191457,natural,old,miss,subsequent_remembered
813,2111,1192537,natural,old,hit,subsequent_remembered
814,1039,1193643,manmade,new,falsealarm,na
815,2031,1194661.5,natural,new,falsealarm,subsequent_remembered
816,2049,1195727.5,natural,new,correctreject,na
817,1121,1196899,manmade,old,miss,subsequent_remembered
818,1040,1198388.5,manmade,new,correctreject,subsequent_forgotten
819,2119,1200390.5,natural,old,hit,na
820,2039,1202131,natural,new,falsealarm,na
821,1119,1203359.5,manmade,old,hit,na
822,2031,1204624.5,natural,new,falsealarm,subsequent_remembered
823,1119,1206508.5,manmade,old,hit,na
824,2119,1207906,natural,old,hit,na
825,1119,1209509.5,manmade,old,hit,na
826,1039,1210604,manmade,new,falsealarm,na
827,1030,1211740.5,manmade,new,falsealarm,subsequent_forgotten
828,1049,1212864,manmade,new,correctreject,na
829,2119,1213988,natural,old,hit,na
830,2119,1215477.5,natural,old,hit,na
831,1030,1216954,manmade,new,falsealarm,subsequent_forgotten
832,1111,1217965.5,manmade,old,hit,subsequent_remembered
833,1119,1219358,manmade,old,hit,na
834,1111,1220740.5,manmade,old,hit,subsequent_remembered
835,2110,1221872,natural,old,hit,subsequent_forgotten
836,2039,1223827.5,natural,new,falsealarm,na
837,2119,1225020.5,natural,old,hit,na
838,1031,1226059.5,manmade,new,falsealarm,subsequent_remembered
839,1039,1227554.5,manmade,new,falsealarm,na
840,1031,1228906,manmade,new,falsealarm,subsequent_remembered
841,2129,1230257.5,natural,old,miss,na
842,1121,1231527.5,manmade,old,miss,subsequent_remembered
843,2039,1232925,natural,new,falsealarm,na
844,2040,1234000,natural,new,correctreject,subsequent_forgotten
845,2129,1235163.5,natural,old,miss,na
846,1039,1236288.5,manmade,new,falsealarm,na
847,2041,1238013.5,natural,new,correctreject,subsequent_remembered
848,1119,1240053.5,manmade,old,hit,na
849,2039,1241874,natural,new,falsealarm,na
850,2119,1243696.5,natural,old,hit,na
851,1120,1245171,manmade,old,miss,subsequent_forgotten
852,2031,1246486.5,natural,new,falsealarm,subsequent_remembered
853,2119,1248258,natural,old,hit,na
854,1111,1249512,manmade,old,hit,subsequent_remembered
855,2039,1250971,natural,new,falsealarm,na
856,1111,1252589,manmade,old,hit,subsequent_remembered
857,2031,1254058,natural,new,falsealarm,subsequent_remembered
858,2039,1255146,natural,new,falsealarm,na
859,1121,1256259.5,manmade,old,miss,subsequent_remembered
860,2120,1257667.5,natural,old,miss,subsequent_forgotten
861,1031,1259282.5,manmade,new,falsealarm,subsequent_remembered
862,1039,1260667.5,manmade,new,falsealarm,na
863,1031,1262326,manmade,new,falsealarm,subsequent_remembered
864,2039,1263637,natural,new,falsealarm,na
865,1030,1265497,manmade,new,falsealarm,subsequent_forgotten
866,1039,1267323,manmade,new,falsealarm,na
867,2031,1268546.5,natural,new,falsealarm,subsequent_remembered
868,1049,1270394.5,manmade,new,correctreject,na
869,1121,1272239.5,manmade,old,miss,subsequent_remembered
870,1119,1273538,manmade,old,hit,na
871,2111,1274695,natural,old,hit,subsequent_remembered
872,1119,1276161.5,manmade,old,hit,na
873,2030,1277255,natural,new,falsealarm,subsequent_forgotten
874,1039,1278483.5,manmade,new,falsealarm,na
875,2111,1279918.5,natural,old,hit,subsequent_remembered
876,2111,1281156,natural,old,hit,subsequent_remembered
877,1111,1282538,manmade,old,hit,subsequent_remembered
878,1119,1284122,manmade,old,hit,na
879,2031,1285463.5,natural,new,falsealarm,subsequent_remembered
880,1119,1286639,manmade,old,hit,na
881,2110,1287962,natural,old,hit,subsequent_forgotten
882,2111,1289492.5,natural,old,hit,subsequent_remembered
883,1039,1291218,manmade,new,falsealarm,na
884,1030,1292823,manmade,new,falsealarm,subsequent_forgotten
885,1119,1294180,manmade,old,hit,na
886,1039,1295292,manmade,new,falsealarm,na
887,2119,1296432.5,natural,old,hit,na
888,2031,1298122,natural,new,falsealarm,subsequent_remembered
889,1049,1300068,manmade,new,correctreject,na
890,1041,1301224,manmade,new,correctreject,subsequent_remembered
891,1039,1302519.5,manmade,new,falsealarm,na
892,2041,1303637,natural,new,correctreject,subsequent_remembered
893,2049,1304721,natural,new,correctreject,na
894,2041,1306364,natural,new,correctreject,subsequent_remembered
895,2049,1307440.5,natural,new,correctreject,na
896,1031,1308693.5,manmade,new,falsealarm,subsequent_remembered
897,2121,1310373,natural,old,miss,subsequent_remembered
898,2119,1311765.5,natural,old,hit,na
899,2039,1312978.5,natural,new,falsealarm,na
900,2119,1314023,natural,old,hit,na
901,1091,1316301,manmade,new,na,subsequent_remembered
902,1039,1317786,manmade,new,falsealarm,na
903,1041,1320688.5,manmade,new,correctreject,subsequent_remembered
904,2049,1322145,natural,new,correctreject,na
905,2129,1323222.5,natural,old,miss,na
906,1031,1324287.5,manmade,new,falsealarm,subsequent_remembered
907,2049,1325685.5,natural,new,correctreject,na
908,1120,1326909,manmade,old,miss,subsequent_forgotten
909,2031,1328680,natural,new,falsealarm,subsequent_remembered
910,2049,1330494.5,natural,new,correctreject,na
911,1129,1331803,manmade,old,miss,na
912,1041,1332924,manmade,new,correctreject,subsequent_remembered
913,2119,1334543,natural,old,hit,na
914,1111,1335842.5,manmade,old,hit,subsequent_remembered
915,1039,1336881.5,manmade,new,falsealarm,na
916,1119,1338197.5,manmade,old,hit,na
917,1111,1339647.5,manmade,old,hit,subsequent_remembered
918,1031,1340808,manmade,new,falsealarm,subsequent_remembered
919,1119,1341909,manmade,old,hit,na
920,2129,1343199.5,natural,old,miss,na
921,1039,1344648,manmade,new,falsealarm,na
922,1111,1345707.5,manmade,old,hit,subsequent_remembered
923,1111,1347366.5,manmade,old,hit,subsequent_remembered
924,2031,1349368,natural,new,falsealarm,subsequent_remembered
925,1121,1350402,manmade,old,miss,subsequent_remembered
926,2039,1352347.5,natural,new,falsealarm,na
927,2111,1353356,natural,old,hit,subsequent_remembered
928,2031,1354861.5,natural,new,falsealarm,subsequent_remembered
929,1049,1356281.5,manmade,new,correctreject,na
930,1031,1357421,manmade,new,falsealarm,subsequent_remembered
931,1039,1358864.5,manmade,new,falsealarm,na
932,1129,1359911.5,manmade,old,miss,na
933,1119,1361434.5,manmade,old,hit,na
934,1031,1363213,manmade,new,falsealarm,subsequent_remembered
935,2039,1364339.5,natural,new,falsealarm,na
936,1111,1365975.5,manmade,old,hit,subsequent_remembered
937,1119,1367179,manmade,old,hit,na
938,1119,1368428,manmade,old,hit,na
939,2110,1370078,natural,old,hit,subsequent_forgotten
940,2031,1372078,natural,new,falsealarm,subsequent_remembered
941,1111,1374049,manmade,old,hit,subsequent_remembered
942,1111,1375523.5,manmade,old,hit,subsequent_remembered
943,2039,1377044,natural,new,falsealarm,na
944,2031,1378508.5,natural,new,falsealarm,subsequent_remembered
945,1049,1379573,manmade,new,correctreject,na
946,1030,1380914.5,manmade,new,falsealarm,subsequent_forgotten
947,1119,1382340,manmade,old,hit,na
948,2111,1383413,natural,old,hit,subsequent_remembered
949,2039,1384913,natural,new,falsealarm,na
950,1111,1386438.5,manmade,old,hit,subsequent_remembered
951,1119,1387504,manmade,old,hit,na
952,2111,1388798.5,natural,old,hit,subsequent_remembered
953,1030,1390549.5,manmade,new,falsealarm,subsequent_forgotten
954,2111,1392423,natural,old,hit,subsequent_remembered
955,1039,1393667,manmade,new,falsealarm,na
956,1111,1394778,manmade,old,hit,subsequent_remembered
957,2119,1395966,natural,old,hit,na
958,1119,1397021,manmade,old,hit,na
959,2031,1398912,natural,new,falsealarm,subsequent_remembered
960,1119,1400573.5,manmade,old,hit,na
961,2039,1402157.5,natural,new,falsealarm,na
962,2119,1403527.5,natural,old,hit,na
963,1119,1404976,manmade,old,hit,na
964,2119,1406084,natural,old,hit,na
965,1031,1407295.5,manmade,new,falsealarm,subsequent_remembered
966,2111,1408590.5,natural,old,hit,subsequent_remembered
967,2039,1409975,natural,new,falsealarm,na
968,1111,1411519,manmade,old,hit,subsequent_remembered
969,2111,1414662,natural,old,hit,subsequent_remembered
970,2119,1415865.5,natural,old,hit,na
971,2031,1417237.5,natural,new,falsealarm,subsequent_remembered
972,1049,1418806,manmade,new,correctreject,na
973,2040,1420171,natural,new,correctreject,subsequent_forgotten
974,1119,1421425,manmade,old,hit,na
975,1049,1423406.5,manmade,new,correctreject,na
976,1031,1424681,manmade,new,falsealarm,subsequent_remembered
977,2129,1425899.5,natural,old,miss,na
978,1119,1427366,manmade,old,hit,na
979,2039,1428449,natural,new,falsealarm,na
980,1119,1429903,manmade,old,hit,na
981,1111,1431467,manmade,old,hit,subsequent_remembered
982,1119,1432585.5,manmade,old,hit,na
983,1040,1434126.5,manmade,new,correctreject,subsequent_forgotten
984,2111,1435959.5,natural,old,hit,subsequent_remembered
985,2039,1437341.5,natural,new,falsealarm,na
986,1031,1438365.5,manmade,new,falsealarm,subsequent_remembered
987,2119,1439642.5,natural,old,hit,na
988,1039,1440741,manmade,new,falsealarm,na
989,1031,1442200,manmade,new,falsealarm,subsequent_remembered
990,2119,1443449,natural,old,hit,na
991,1121,1445384.5,manmade,old,miss,subsequent_remembered
992,1049,1447074,manmade,new,correctreject,na
993,2041,1448722.5,natural,new,correctreject,subsequent_remembered
994,2119,1449925.5,natural,old,hit,na
995,2111,1451897,natural,old,hit,subsequent_remembered
996,1111,1453284,manmade,old,hit,subsequent_remembered
997,2120,1454594.5,natural,old,miss,subsequent_forgotten
998,2039,1456437.5,natural,new,falsealarm,na
999,2030,1457610,natural,new,falsealarm,subsequent_forgotten
1000,2111,1459756,natural,old,hit,subsequent_remembered
1001,1119,1461905,manmade,old,hit,na
1002,2039,1463077.5,natural,new,falsealarm,na
1003,1030,1464628.5,manmade,new,falsealarm,subsequent_forgotten
1004,2111,1465965,natural,old,hit,subsequent_remembered
1005,1119,1467275.5,manmade,old,hit,na
1006,1121,1469087.5,manmade,old,miss,subsequent_remembered
1007,1039,1470193.5,manmade,new,falsealarm,na
1008,2041,1472149,natural,new,correctreject,subsequent_remembered
1009,2121,1473398.5,natural,old,miss,subsequent_remembered
1010,2049,1474647.5,natural,new,correctreject,na
1011,2031,1476503,natural,new,falsealarm,subsequent_remembered
1012,2039,1477657.5,natural,new,falsealarm,na
1013,2129,1478861,natural,old,miss,na
1014,1111,1480141.5,manmade,old,hit,subsequent_remembered
1015,2031,1481287.5,natural,new,falsealarm,subsequent_remembered
1016,1119,1482900,manmade,old,hit,na
1017,1049,1483961.5,manmade,new,correctreject,na
1018,1031,1485332,manmade,new,falsealarm,subsequent_remembered
1019,2111,1486376.5,natural,old,hit,subsequent_remembered
1020,2039,1487648.5,natural,new,falsealarm,na
1021,1120,1489663,manmade,old,miss,subsequent_forgotten
1022,1031,1491004.5,manmade,new,falsealarm,subsequent_remembered
1023,2049,1492550.5,natural,new,correctreject,na
1024,1119,1493856,manmade,old,hit,na
1025,2031,1495079.5,natural,new,falsealarm,subsequent_remembered
1026,1039,1496671.5,manmade,new,falsealarm,na
1027,1111,1498691,manmade,old,hit,subsequent_remembered
1028,1030,1499912,manmade,new,falsealarm,subsequent_forgotten
1029,2119,1501100,natural,old,hit,na
1030,1039,1502350.5,manmade,new,falsealarm,na
1031,2110,1504130.5,natural,old,hit,subsequent_forgotten
1032,2110,1505902.5,natural,old,hit,subsequent_forgotten
1033,2119,1507838.5,natural,old,hit,na
1034,2041,1508914,natural,new,correctreject,subsequent_remembered
1035,1039,1510914,manmade,new,falsealarm,na
1036,2041,1512680.5,natural,new,correctreject,subsequent_remembered
1037,1049,1513858,manmade,new,correctreject,na
1038,2119,1515649.5,natural,old,hit,na
1039,1040,1517032,manmade,new,correctreject,subsequent_forgotten
1040,1039,1518352.5,manmade,new,falsealarm,na
1041,1121,1519428,manmade,old,miss,subsequent_remembered
1042,2129,1520523.5,natural,old,miss,na
1043,1031,1521916,manmade,new,falsealarm,subsequent_remembered
1044,2049,1523298,natural,new,correctreject,na
1045,1129,1524557.5,manmade,old,miss,na
1046,1111,1526047.5,manmade,old,hit,subsequent_remembered
1047,2119,1527127.5,natural,old,hit,na
1048,2031,1528535.5,natural,new,falsealarm,subsequent_remembered
1049,2111,1530045.5,natural,old,hit,subsequent_remembered
1050,1049,1531975.5,manmade,new,correctreject,na
1051,1041,1533405.5,manmade,new,correctreject,subsequent_remembered
1052,1039,1534638,manmade,new,falsealarm,na
1053,2110,1536194,natural,old,hit,subsequent_forgotten
1054,1040,1537551.5,manmade,new,correctreject,subsequent_forgotten
1055,1039,1538636,manmade,new,falsealarm,na
1056,1119,1540757.5,manmade,old,hit,na
1057,1119,1541948.5,manmade,old,hit,na
1058,2111,1543182.5,natural,old,hit,subsequent_remembered
1059,2119,1544989.5,natural,old,hit,na
1060,2031,1546090,natural,new,falsealarm,subsequent_remembered
1061,1039,1547559.5,manmade,new,falsealarm,na
1062,2031,1549050.5,natural,new,falsealarm,subsequent_remembered
1063,1121,1550289,manmade,old,miss,subsequent_remembered
1064,2119,1552238.5,natural,old,hit,na
1065,1119,1553436.5,manmade,old,hit,na
1066,2039,1555198,natural,new,falsealarm,na
1067,2031,1556534.5,natural,new,falsealarm,subsequent_remembered
1068,1049,1558121,manmade,new,correctreject,na
1069,2129,1559682.5,natural,old,miss,na
1070,1119,1560809,manmade,old,hit,na
1071,2111,1562170.5,natural,old,hit,subsequent_remembered
1072,2111,1563445.5,natural,old,hit,subsequent_remembered
1073,1119,1564855,manmade,old,hit,na
1074,2111,1566097,natural,old,hit,subsequent_remembered
1075,1110,1567797,manmade,old,hit,subsequent_forgotten
1076,2030,1569117.5,natural,new,falsealarm,subsequent_forgotten
1077,2039,1570669,natural,new,falsealarm,na
1078,1111,1571810.5,manmade,old,hit,subsequent_remembered
1079,2119,1572844.5,natural,old,hit,na
1080,1040,1575194.5,manmade,new,correctreject,subsequent_forgotten
1081,2039,1577959,natural,new,falsealarm,na
1082,2041,1579587,natural,new,correctreject,subsequent_remembered
1083,2049,1580984.5,natural,new,correctreject,na
1084,2041,1582484.5,natural,new,correctreject,subsequent_remembered
1085,2049,1583636.5,natural,new,correctreject,na
1086,2121,1585244,natural,old,miss,subsequent_remembered
1087,2031,1586493.5,natural,new,falsealarm,subsequent_remembered
1088,1121,1587722,manmade,old,miss,subsequent_remembered
1089,2039,1589498.5,natural,new,falsealarm,na
1090,2031,1590983,natural,new,falsealarm,subsequent_remembered
1091,2129,1592324.5,natural,old,miss,na
1092,1120,1593530,manmade,old,miss,subsequent_forgotten
1093,1039,1594649,manmade,new,falsealarm,na
1094,2041,1595882.5,natural,new,correctreject,subsequent_remembered
1095,2119,1597090.5,natural,old,hit,na
1096,2119,1598823.5,natural,old,hit,na
1097,2111,1600147.5,natural,old,hit,subsequent_remembered
1098,2119,1601852,natural,old,hit,na
1099,1049,1603096,manmade,new,correctreject,na
1100,2111,1604437,natural,old,hit,subsequent_remembered
1101,2031,1606679.5,natural,new,falsealarm,subsequent_remembered
1102,2039,1608200,natural,new,falsealarm,na
1103,1111,1609418.5,manmade,old,hit,subsequent_remembered
1104,2111,1611046.5,natural,old,hit,subsequent_remembered
1105,2111,1612317,natural,old,hit,subsequent_remembered
1106,2111,1614067,natural,old,hit,subsequent_remembered
1107,2119,1615301,natural,old,hit,na
1108,2111,1616606,natural,old,hit,subsequent_remembered
1109,1031,1618465.5,manmade,new,falsealarm,subsequent_remembered
1110,2119,1620220.5,natural,old,hit,na
1111,1049,1622567.5,manmade,new,correctreject,na
1112,2031,1624628.5,natural,new,falsealarm,subsequent_remembered
1113,1129,1625765,manmade,old,miss,na
1114,2039,1627234.5,natural,new,falsealarm,na
1115,2119,1628376,natural,old,hit,na
1116,2119,1630301,natural,old,hit,na
1117,2111,1631908.5,natural,old,hit,subsequent_remembered
1118,2119,1633203.5,natural,old,hit,na
1119,1111,1634470.5,manmade,old,hit,subsequent_remembered
1120,2111,1635538,natural,old,hit,subsequent_remembered
1121,1031,1636674.5,manmade,new,falsealarm,subsequent_remembered
1122,2111,1637739.5,natural,old,hit,subsequent_remembered
1123,1039,1638825,manmade,new,falsealarm,na
1124,2040,1640145.5,natural,new,correctreject,subsequent_forgotten
1125,1039,1641651,manmade,new,falsealarm,na
1126,1041,1643494,manmade,new,correctreject,subsequent_remembered
1127,1119,1644825,manmade,old,hit,na
1128,1039,1646304.5,manmade,new,falsealarm,na
1129,1040,1647871,manmade,new,correctreject,subsequent_forgotten
1130,1129,1649151,manmade,old,miss,na
1131,2039,1650415.5,natural,new,falsealarm,na
1132,2119,1651695.5,natural,old,hit,na
1133,2031,1652791,natural,new,falsealarm,subsequent_remembered
1134,2039,1654306.5,natural,new,falsealarm,na
1135,1031,1655675,manmade,new,falsealarm,subsequent_remembered
1136,2119,1657367.5,natural,old,hit,na
1137,2039,1658796,natural,new,falsealarm,na
1138,1119,1660477,manmade,old,hit,na
1139,1041,1661550.5,manmade,new,correctreject,subsequent_remembered
1140,1121,1662897,manmade,old,miss,subsequent_remembered
1141,1039,1664182,manmade,new,falsealarm,na
1142,2119,1666050.5,natural,old,hit,na
1143,1119,1667494,manmade,old,hit,na
1144,2119,1668784,natural,old,hit,na
1145,1120,1669947.5,manmade,old,miss,subsequent_forgotten
1146,2119,1671410.5,natural,old,hit,na
1147,2031,1672567.5,natural,new,falsealarm,subsequent_remembered
1148,1119,1673878,manmade,old,hit,na
1149,1119,1675752,manmade,old,hit,na
1150,1119,1677182,manmade,old,hit,na
1151,1039,1678383.5,manmade,new,falsealarm,na
1152,2031,1679607,natural,new,falsealarm,subsequent_remembered
1153,2039,1681086.5,natural,new,falsealarm,na
1154,2030,1682330.5,natural,new,falsealarm,subsequent_forgotten
1155,2119,1683400.5,natural,old,hit,na
1156,2039,1684585,natural,new,falsealarm,na
1157,2031,1686064,natural,new,falsealarm,subsequent_remembered
1158,1049,1687752,manmade,new,correctreject,na
1159,1119,1689021.5,manmade,old,hit,na
1160,2030,1690706,natural,new,falsealarm,subsequent_forgotten
1161,1129,1691929.5,manmade,old,miss,na
1162,2119,1693583,natural,old,hit,na
1163,2119,1694673.5,natural,old,hit,na
1164,1119,1696209.5,manmade,old,hit,na
1165,2039,1697860.5,natural,new,falsealarm,na
1166,2039,1699506.5,natural,new,falsealarm,na
1167,2111,1700540.5,natural,old,hit,subsequent_remembered
1168,2039,1701997,natural,new,falsealarm,na
1169,1039,1703080,manmade,new,falsealarm,na
1170,2120,1704539,natural,old,miss,subsequent_forgotten
1171,2110,1706034,natural,old,hit,subsequent_forgotten
1172,2111,1708184,natural,old,hit,subsequent_remembered
1173,2039,1709699.5,natural,new,falsealarm,na
1174,2030,1710999.5,natural,new,falsealarm,subsequent_forgotten
1175,1039,1712054.5,manmade,new,falsealarm,na
1176,2129,1713703,natural,old,miss,na
1177,2119,1715423,natural,old,hit,na
1178,2039,1716590,natural,new,falsealarm,na
1179,2039,1717834,natural,new,falsealarm,na
1180,1041,1719239,manmade,new,correctreject,subsequent_remembered
1181,1049,1720440,manmade,new,correctreject,na
1182,2049,1721668.5,natural,new,correctreject,na
1183,1049,1722760.5,manmade,new,correctreject,na
1184,2129,1724018.5,natural,old,miss,na
1185,1049,1725273,manmade,new,correctreject,na
1186,1039,1729974,manmade,new,falsealarm,na
1187,2129,1731518.5,natural,old,miss,na
1188,2119,1732906,natural,old,hit,na
1189,1049,1734006.5,manmade,new,correctreject,na
1190,1039,1735210,manmade,new,falsealarm,na
1191,1039,1736307,manmade,new,falsealarm,na
1192,2039,1737407,natural,new,falsealarm,na
1193,1049,1738542.5,manmade,new,correctreject,na
1194,2129,1739720,natural,old,miss,na
1195,1119,1741286.5,manmade,old,hit,na
1196,1119,1742587.5,manmade,old,hit,na
1197,2039,1744293,natural,new,falsealarm,na
1198,2129,1745408,natural,old,miss,na
1199,1039,1746575,manmade,new,falsealarm,na
1200,2039,1750184.5,natural,new,falsealarm,na
